_id,userId,postId
67f39b991725b278019da1c0,67dfd63e3341263a657c08a2,67f39689952a84490358f5b0
67f39ba81725b278019da1c1,67dfd63e3341263a657c08a2,67f396e6952a84490358f5b1
67f39bb31725b278019da1c2,67dfd63e3341263a657c08a2,67f396fc952a84490358f5b2
67f39bbc1725b278019da1c3,67dfdad05eca18465894084b,67f39702952a84490358f5b3
67f39bc61725b278019da1c4,67dfdad05eca18465894084b,67f39689952a84490358f5b0
67f39bcd1725b278019da1c5,67dfdc025bc32b55e21331c7,67f396e6952a84490358f5b1
67f39bd61725b278019da1c6,67dfdd0bf5a0350f3c2e5df8,67f396fc952a84490358f5b2
67f39be61725b278019da1c7,67dfdae95eca18465894084d,67f39702952a84490358f5b3
67f39bef1725b278019da1c8,67dfdad05eca18465894084b,67f396e6952a84490358f5b1
67f39bf61725b278019da1c9,67e20a0f94883c2093d09d95,67f39689952a84490358f5b0
684bfcc83fe0430558b49d8f,,
684bfcc83fe0430558b49d92,,
684bfcc83fe0430558b49d91,,
684bfcc83fe0430558b49d90,,
684bfcc93fe0430558b49d95,,
684bfcc93fe0430558b49d94,,
684bfcc93fe0430558b49d93,,
684bfcc93fe0430558b49d96,,
684bfcc93fe0430558b49d98,,
684bfcc93fe0430558b49d97,,
684bfcc93fe0430558b49d9a,,
684bfcc93fe0430558b49d99,,
684bfcc93fe0430558b49d9c,,
684bfcc93fe0430558b49d9b,,
684bfcc93fe0430558b49d9d,,
684bfcc93fe0430558b49d9e,,
684bfcd53fe0430558b49d9f,,
684bfcd53fe0430558b49da0,,
684bfcd53fe0430558b49da3,,
684bfcd53fe0430558b49da1,,
684bfcd53fe0430558b49da2,,
684bfcd53fe0430558b49da4,,
684bfcd53fe0430558b49da5,,
684bfcd53fe0430558b49da6,,
684bfcd53fe0430558b49da7,,
684bfcd53fe0430558b49da8,,
684bfcd53fe0430558b49da9,,
684bfcd53fe0430558b49dab,,
684bfcd53fe0430558b49daa,,
684bfcd53fe0430558b49dac,,
684bfcd53fe0430558b49dae,,
684bfcd53fe0430558b49dad,,
684bfcd93fe0430558b49daf,,
684bfcd93fe0430558b49db0,,
684bfcd93fe0430558b49db1,,
684bfcd93fe0430558b49db2,,
684bfcd93fe0430558b49db3,,
684bfcd93fe0430558b49db4,,
684bfcd93fe0430558b49db5,,
684bfcd93fe0430558b49db6,,
684bfcd93fe0430558b49db8,,
684bfcd93fe0430558b49db7,,
684bfcd93fe0430558b49dba,,
684bfcd93fe0430558b49db9,,
684bfcd93fe0430558b49dbb,,
684bfcd93fe0430558b49dbc,,
684bfcda3fe0430558b49dbd,,
684bfcda3fe0430558b49dbe,,
684bfec13fe0430558b49dbf,,
684bff713fe0430558b49dc0,6800d3bbe8bde56abb2a40eb,68236a077a08e30d992fe54b
684c004d3fe0430558b49dc1,6800d3bbe8bde56abb2a40eb,68236a027a08e30d992fe54a
684c00683fe0430558b49dc2,6800d3bbe8bde56abb2a40eb,682c92c99edee92f4b2c1357
684c16cd3fe0430558b49dc3,6800d3bbe8bde56abb2a40eb,68471220f3e4534bf197be5f
684c16db3fe0430558b49dc5,6800d3bbe8bde56abb2a40eb,68471566f3e4534bf197be62
684c744e3fe0430558b49dd5,6800d3bbe8bde56abb2a40eb,68425b4a05314b62bd2b1f19
684d06d226715d0eea1e7f07,6800d3bbe8bde56abb2a40eb,682cac8b9edee92f4b2c1359
684d2a2fa310c64cdd4288a3,6800d3bbe8bde56abb2a40eb,684d29a7a310c64cdd4288a2
684d2a55a310c64cdd4288a4,68011e392ab2615d4649dc94,682c92c99edee92f4b2c1357
684d2f6fa310c64cdd4288a8,68011e392ab2615d4649dc94,684717b3f3e4534bf197be63
684eff127ead64cc8149161b,,
684f0ad207ee576fd597f607,6800d3bbe8bde56abb2a40eb,684717b3f3e4534bf197be63
684f0cdf07ee576fd597f608,68011e392ab2615d4649dc94,68425b4a05314b62bd2b1f19
684f0d2c07ee576fd597f609,68011e392ab2615d4649dc94,682cac8b9edee92f4b2c1359
685043a42e0b5b152392c182,68011e392ab2615d4649dc94,68236a077a08e30d992fe54b
68504465e150e60f8c1c5652,68011e392ab2615d4649dc94,68471220f3e4534bf197be5f
68504472e150e60f8c1c5653,68011e392ab2615d4649dc94,68471566f3e4534bf197be62
6850448be150e60f8c1c5655,68011e392ab2615d4649dc94,68236f3f9a525c3c92d77022
6850485be150e60f8c1c5656,68011e392ab2615d4649dc94,68236a347a08e30d992fe54c
68504866e150e60f8c1c5657,68011e392ab2615d4649dc94,68305b70220cab1f6bd3cc19
68504870e150e60f8c1c5658,68011e392ab2615d4649dc94,68230543246bd71de9eb8bff
68504875e150e60f8c1c5659,68011e392ab2615d4649dc94,68236b4a7c25b750857965f7
68504883e150e60f8c1c565a,68011e392ab2615d4649dc94,68230553246bd71de9eb8c00
685048cae150e60f8c1c565d,68011e392ab2615d4649dc94,684d29a7a310c64cdd4288a2
685165bf1efc7a11efeb7162,6800d3bbe8bde56abb2a40eb,68236a347a08e30d992fe54c
6853910c032f97a5e817576a,67e20a0f94883c2093d09d95,6853842e032f97a5e81754c0
68539324032f97a5e8175788,67dfd63e3341263a657c08a2,68538ee3032f97a5e8175732
68539324032f97a5e8175789,67dfd63e3341263a657c08a2,68538d70032f97a5e81756c0
68539324032f97a5e817578a,67dfd63e3341263a657c08a2,68230543246bd71de9eb8bff
68539324032f97a5e817578b,67dfd63e3341263a657c08a2,68538af5032f97a5e8175648
68539324032f97a5e817578c,67dfd63e3341263a657c08a2,68538e2a032f97a5e8175706
68539324032f97a5e817578d,67dfd63e3341263a657c08a2,68538d70032f97a5e81756bf
68539324032f97a5e817578e,67dfd63e3341263a657c08a2,68236a027a08e30d992fe54a
68539324032f97a5e817578f,67dfd63e3341263a657c08a2,68538bd0032f97a5e8175667
68539324032f97a5e8175790,67dfd63e3341263a657c08a2,68538bd0032f97a5e817566b
68539324032f97a5e8175791,67dfd63e3341263a657c08a2,68538ee3032f97a5e8175731
68539324032f97a5e8175792,67dfd63e3341263a657c08a2,68538ee3032f97a5e8175731
68539324032f97a5e8175793,67dfd63e3341263a657c08a2,68538ee3032f97a5e8175731
68539324032f97a5e8175794,67dfd63e3341263a657c08a2,68538bd0032f97a5e817566b
68539324032f97a5e8175795,67dfd63e3341263a657c08a2,68538bd0032f97a5e8175667
68539324032f97a5e8175796,67dfd63e3341263a657c08a2,68230553246bd71de9eb8c00
68539324032f97a5e8175797,67dfd63e3341263a657c08a2,68236a077a08e30d992fe54b
68539324032f97a5e8175798,67dfd63e3341263a657c08a2,682cac8b9edee92f4b2c1359
68539324032f97a5e8175799,67dfd63e3341263a657c08a2,68538bd0032f97a5e8175667
68539324032f97a5e817579a,67dfd63e3341263a657c08a2,68236a7e7a08e30d992fe54d
68539324032f97a5e817579b,67dfd63e3341263a657c08a2,682cac8b9edee92f4b2c1359
68539324032f97a5e817579c,67dfd63e3341263a657c08a2,685388c6032f97a5e8175600
68539324032f97a5e817579d,67dfd63e3341263a657c08a2,68538d70032f97a5e81756bf
68539324032f97a5e817579e,67dfd63e3341263a657c08a2,68538d70032f97a5e81756c1
68539324032f97a5e817579f,67dfd63e3341263a657c08a2,68538e2a032f97a5e8175705
68539324032f97a5e81757a0,67dfd63e3341263a657c08a2,68236a027a08e30d992fe54a
68539324032f97a5e81757a1,67dfd63e3341263a657c08a2,68538bd0032f97a5e817566b
68539324032f97a5e81757a2,67dfd63e3341263a657c08a2,68236a027a08e30d992fe54a
68539324032f97a5e81757a3,67dfd63e3341263a657c08a2,68236a077a08e30d992fe54b
68539324032f97a5e81757a4,67dfd63e3341263a657c08a2,68236a027a08e30d992fe54a
68539324032f97a5e81757a5,67dfd63e3341263a657c08a2,68538bd0032f97a5e8175667
68539324032f97a5e81757a6,67dfd63e3341263a657c08a2,68538d70032f97a5e81756c1
68539324032f97a5e81757a7,67dfd63e3341263a657c08a2,68236a027a08e30d992fe54a
68539324032f97a5e81757a8,67dfd63e3341263a657c08a2,68538d70032f97a5e81756c1
68539324032f97a5e81757a9,67dfd63e3341263a657c08a2,682cac8b9edee92f4b2c1359
68539324032f97a5e81757aa,67dfd63e3341263a657c08a2,68538d70032f97a5e81756c1
68539324032f97a5e81757ab,67dfd63e3341263a657c08a2,68305b70220cab1f6bd3cc19
68539324032f97a5e81757ac,67dfd63e3341263a657c08a2,68230553246bd71de9eb8c00
68539324032f97a5e81757ad,67dfd63e3341263a657c08a2,68230553246bd71de9eb8c00
68539324032f97a5e81757ae,67dfd63e3341263a657c08a2,68538d70032f97a5e81756bf
68539324032f97a5e81757af,67dfd63e3341263a657c08a2,68538a0f032f97a5e8175631
68539324032f97a5e81757b0,67dfd63e3341263a657c08a2,68538e2a032f97a5e8175705
68539324032f97a5e81757b1,67dfd63e3341263a657c08a2,68236b4a7c25b750857965f7
68539324032f97a5e81757b2,67dfd63e3341263a657c08a2,68236a347a08e30d992fe54c
68539324032f97a5e81757b3,67dfd63e3341263a657c08a2,68538ee3032f97a5e8175733
68539324032f97a5e81757b4,67dfd63e3341263a657c08a2,68236a027a08e30d992fe54a
68539324032f97a5e81757b5,67dfd63e3341263a657c08a2,68538bd0032f97a5e8175668
68539324032f97a5e81757b6,67dfd63e3341263a657c08a2,68236a077a08e30d992fe54b
68539324032f97a5e81757b7,67dfd63e3341263a657c08a2,68538ee3032f97a5e8175733
68539324032f97a5e81757b8,67dfd63e3341263a657c08a2,682cac8b9edee92f4b2c1359
68539324032f97a5e81757b9,67dfd63e3341263a657c08a2,68230543246bd71de9eb8bff
68539324032f97a5e81757ba,67dfdad05eca18465894084b,68538bd0032f97a5e817567e
68539324032f97a5e81757bb,67dfdad05eca18465894084b,68538d70032f97a5e81756cd
68539324032f97a5e81757bc,67dfdad05eca18465894084b,68538e2a032f97a5e8175711
68539324032f97a5e81757bd,67dfdad05eca18465894084b,68538e2a032f97a5e8175711
68539324032f97a5e81757be,67dfdad05eca18465894084b,68538ee3032f97a5e817573e
68539324032f97a5e81757bf,67dfdad05eca18465894084b,68538dd0032f97a5e81756ef
68539324032f97a5e81757c0,67dfdad05eca18465894084b,68538e2a032f97a5e8175712
68539324032f97a5e81757c1,67dfdad05eca18465894084b,68538dd0032f97a5e81756ee
68539324032f97a5e81757c2,67dfdad05eca18465894084b,68538bd0032f97a5e817567c
68539324032f97a5e81757c3,67dfdad05eca18465894084b,68538d70032f97a5e81756cc
68539324032f97a5e81757c4,67dfdad05eca18465894084b,68538e2a032f97a5e8175711
68539324032f97a5e81757c5,67dfdad05eca18465894084b,68538e2a032f97a5e8175713
68539324032f97a5e81757c6,67dfdad05eca18465894084b,68538e2a032f97a5e8175711
68539324032f97a5e81757c7,67dfdad05eca18465894084b,68538bd0032f97a5e817567d
68539324032f97a5e81757c8,67dfdad05eca18465894084b,68538bd0032f97a5e817567b
68539324032f97a5e81757c9,67dfdad05eca18465894084b,68538d70032f97a5e81756cb
68539324032f97a5e81757ca,67dfdad05eca18465894084b,68538dd0032f97a5e81756f0
68539324032f97a5e81757cb,67dfdad05eca18465894084b,68538bd0032f97a5e817567b
68539324032f97a5e81757cc,67dfdad05eca18465894084b,68538af5032f97a5e817564c
68539324032f97a5e81757cd,67dfdad05eca18465894084b,68538e2a032f97a5e8175713
68539324032f97a5e81757ce,67dfdad05eca18465894084b,68538bd0032f97a5e817567c
68539324032f97a5e81757cf,67dfdad05eca18465894084b,68538d70032f97a5e81756cb
68539324032f97a5e81757d0,67dfdad05eca18465894084b,68538dd0032f97a5e81756ee
68539324032f97a5e81757d1,67dfdad05eca18465894084b,68538a0f032f97a5e8175635
68539324032f97a5e81757d2,67dfdad05eca18465894084b,68538d70032f97a5e81756cb
68539324032f97a5e81757d3,67dfdad05eca18465894084b,68538bd0032f97a5e817567b
68539324032f97a5e81757d4,67dfdad05eca18465894084b,68538bd0032f97a5e817567b
68539324032f97a5e81757d5,67dfdad05eca18465894084b,68538bd0032f97a5e817567f
68539324032f97a5e81757d6,67dfdad05eca18465894084b,68538ee3032f97a5e817573e
68539324032f97a5e81757d7,67dfdad05eca18465894084b,68538bd0032f97a5e817567e
68539324032f97a5e81757d8,67dfdad05eca18465894084b,68538bd0032f97a5e817567c
68539324032f97a5e81757d9,67dfdad05eca18465894084b,68538ee3032f97a5e817573f
68539324032f97a5e81757da,67dfdad05eca18465894084b,68538ee3032f97a5e817573e
68539324032f97a5e81757db,67dfdad05eca18465894084b,68538bd0032f97a5e817567d
68539324032f97a5e81757dc,67dfdad05eca18465894084b,68538bd0032f97a5e817567d
68539324032f97a5e81757dd,67dfdad05eca18465894084b,68538d70032f97a5e81756cc
68539324032f97a5e81757de,67dfdad05eca18465894084b,68538d70032f97a5e81756cc
68539324032f97a5e81757df,67dfdad05eca18465894084b,68538ee3032f97a5e817573f
68539324032f97a5e81757e0,67dfdad05eca18465894084b,68538dd0032f97a5e81756ee
68539324032f97a5e81757e1,67dfdad05eca18465894084b,68538dd0032f97a5e81756ef
68539324032f97a5e81757e2,67dfdad05eca18465894084b,68538dd0032f97a5e81756f0
68539324032f97a5e81757e3,67dfdad05eca18465894084b,68538bd0032f97a5e817567c
68539324032f97a5e81757e4,67dfdad05eca18465894084b,68538ee3032f97a5e817573e
68539324032f97a5e81757e5,67dfdad05eca18465894084b,68538d70032f97a5e81756cc
68539324032f97a5e81757e6,67dfdad05eca18465894084b,68538bd0032f97a5e817567f
68539324032f97a5e81757e7,67dfdad05eca18465894084b,68538af5032f97a5e817564c
68539324032f97a5e81757e8,67dfdad05eca18465894084b,68538af5032f97a5e817564c
68539324032f97a5e81757e9,67dfdad05eca18465894084b,68538dd0032f97a5e81756ee
68539324032f97a5e81757ea,67dfdad05eca18465894084b,68538dd0032f97a5e81756ef
68539324032f97a5e81757eb,67dfdad05eca18465894084b,68538d70032f97a5e81756cc
68539324032f97a5e81757ec,6800d3bbe8bde56abb2a40eb,68538cfb032f97a5e81756ae
68539324032f97a5e81757ed,6800d3bbe8bde56abb2a40eb,68538af5032f97a5e8175650
68539324032f97a5e81757ee,6800d3bbe8bde56abb2a40eb,68538cfb032f97a5e81756ae
68539324032f97a5e81757ef,6800d3bbe8bde56abb2a40eb,68538ee3032f97a5e8175749
68539324032f97a5e81757f0,6800d3bbe8bde56abb2a40eb,68538e2a032f97a5e817571d
68539324032f97a5e81757f1,6800d3bbe8bde56abb2a40eb,68538dd0032f97a5e81756fa
68539324032f97a5e81757f2,6800d3bbe8bde56abb2a40eb,68538cfb032f97a5e81756ab
68539324032f97a5e81757f3,6800d3bbe8bde56abb2a40eb,68425b4a05314b62bd2b1f19
68539324032f97a5e81757f4,6800d3bbe8bde56abb2a40eb,68538af5032f97a5e8175650
68539324032f97a5e81757f5,6800d3bbe8bde56abb2a40eb,68538d70032f97a5e81756d8
68539324032f97a5e81757f6,6800d3bbe8bde56abb2a40eb,68538dd0032f97a5e81756fb
68539324032f97a5e81757f7,6800d3bbe8bde56abb2a40eb,68538e2a032f97a5e817571e
68539324032f97a5e81757f8,6800d3bbe8bde56abb2a40eb,68538e2a032f97a5e817571e
68539324032f97a5e81757f9,6800d3bbe8bde56abb2a40eb,68538cfb032f97a5e81756aa
68539324032f97a5e81757fa,6800d3bbe8bde56abb2a40eb,68425b4a05314b62bd2b1f19
68539324032f97a5e81757fb,6800d3bbe8bde56abb2a40eb,68538cfb032f97a5e81756ab
68539324032f97a5e81757fc,6800d3bbe8bde56abb2a40eb,68538e2a032f97a5e817571d
68539324032f97a5e81757fd,6800d3bbe8bde56abb2a40eb,68538cfb032f97a5e81756af
68539324032f97a5e81757fe,6800d3bbe8bde56abb2a40eb,68538ee3032f97a5e8175749
68539324032f97a5e81757ff,6800d3bbe8bde56abb2a40eb,68538af5032f97a5e8175650
68539324032f97a5e8175800,6800d3bbe8bde56abb2a40eb,68538cfb032f97a5e81756af
68539324032f97a5e8175801,6800d3bbe8bde56abb2a40eb,68538ee3032f97a5e8175749
68539324032f97a5e8175802,6800d3bbe8bde56abb2a40eb,68538cfb032f97a5e81756b0
68539324032f97a5e8175803,6800d3bbe8bde56abb2a40eb,68538cfb032f97a5e81756aa
68539324032f97a5e8175804,6800d3bbe8bde56abb2a40eb,68538dd0032f97a5e81756fc
68539324032f97a5e8175805,6800d3bbe8bde56abb2a40eb,68538cfb032f97a5e81756ae
68539324032f97a5e8175806,6800d3bbe8bde56abb2a40eb,68538cfb032f97a5e81756ae
68539324032f97a5e8175807,6800d3bbe8bde56abb2a40eb,68538d70032f97a5e81756d7
68539324032f97a5e8175808,6800d3bbe8bde56abb2a40eb,68538cfb032f97a5e81756b0
68539324032f97a5e8175809,6800d3bbe8bde56abb2a40eb,68538d70032f97a5e81756d7
68539324032f97a5e817580a,6800d3bbe8bde56abb2a40eb,68538cfb032f97a5e81756aa
68539324032f97a5e817580b,6800d3bbe8bde56abb2a40eb,68538af5032f97a5e8175650
68539324032f97a5e817580c,6800d3bbe8bde56abb2a40eb,68538dd0032f97a5e81756fa
68539324032f97a5e817580d,6800d3bbe8bde56abb2a40eb,68538cfb032f97a5e81756af
68539324032f97a5e817580e,6800d3bbe8bde56abb2a40eb,68538d70032f97a5e81756d8
68539324032f97a5e817580f,6800d3bbe8bde56abb2a40eb,68538dd0032f97a5e81756fb
68539324032f97a5e8175810,6800d3bbe8bde56abb2a40eb,68538dd0032f97a5e81756fb
68539324032f97a5e8175811,6800d3bbe8bde56abb2a40eb,68538dd0032f97a5e81756fb
68539324032f97a5e8175812,6800d3bbe8bde56abb2a40eb,68538cfb032f97a5e81756ae
68539324032f97a5e8175813,6800d3bbe8bde56abb2a40eb,68538cfb032f97a5e81756ac
68539324032f97a5e8175814,6800d3bbe8bde56abb2a40eb,68538cfb032f97a5e81756ad
68539324032f97a5e8175815,6800d3bbe8bde56abb2a40eb,68538e2a032f97a5e817571e
68539324032f97a5e8175816,6800d3bbe8bde56abb2a40eb,68538d70032f97a5e81756d9
68539324032f97a5e8175817,6800d3bbe8bde56abb2a40eb,68538e2a032f97a5e817571e
68539324032f97a5e8175818,6800d3bbe8bde56abb2a40eb,68538d70032f97a5e81756d7
68539324032f97a5e8175819,6800d3bbe8bde56abb2a40eb,68538a0f032f97a5e8175639
68539324032f97a5e817581a,6800d3bbe8bde56abb2a40eb,68538cfb032f97a5e81756ae
68539324032f97a5e817581b,6800d3bbe8bde56abb2a40eb,68538e2a032f97a5e817571f
68539324032f97a5e817581c,6800d3bbe8bde56abb2a40eb,68538e2a032f97a5e817571f
68539324032f97a5e817581d,6800d3bbe8bde56abb2a40eb,68538d70032f97a5e81756d7
68539324032f97a5e817581e,68011e392ab2615d4649dc94,68538e2a032f97a5e8175716
68539324032f97a5e817581f,68011e392ab2615d4649dc94,68538e2a032f97a5e8175714
68539324032f97a5e8175820,68011e392ab2615d4649dc94,68538bd0032f97a5e8175680
68539324032f97a5e8175821,68011e392ab2615d4649dc94,68538dd0032f97a5e81756f3
68539324032f97a5e8175822,68011e392ab2615d4649dc94,68538ee3032f97a5e8175740
68539324032f97a5e8175823,68011e392ab2615d4649dc94,68538bd0032f97a5e8175680
68539324032f97a5e8175824,68011e392ab2615d4649dc94,68538ee3032f97a5e8175741
68539324032f97a5e8175825,68011e392ab2615d4649dc94,68538bd0032f97a5e8175680
68539324032f97a5e8175826,68011e392ab2615d4649dc94,68538dd0032f97a5e81756f2
68539324032f97a5e8175827,68011e392ab2615d4649dc94,68538ee3032f97a5e8175740
68539324032f97a5e8175828,68011e392ab2615d4649dc94,68538ee3032f97a5e8175741
68539324032f97a5e8175829,68011e392ab2615d4649dc94,68538ee3032f97a5e8175741
68539324032f97a5e817582a,68011e392ab2615d4649dc94,68538d70032f97a5e81756ce
68539324032f97a5e817582b,68011e392ab2615d4649dc94,68538dd0032f97a5e81756f2
68539324032f97a5e817582c,68011e392ab2615d4649dc94,68538d70032f97a5e81756cf
68539324032f97a5e817582d,68011e392ab2615d4649dc94,68538bd0032f97a5e8175682
68539324032f97a5e817582e,68011e392ab2615d4649dc94,68538e2a032f97a5e8175714
68539324032f97a5e817582f,68011e392ab2615d4649dc94,68538d70032f97a5e81756ce
68539324032f97a5e8175830,68011e392ab2615d4649dc94,68538af5032f97a5e817564d
68539324032f97a5e8175831,68011e392ab2615d4649dc94,68538ee3032f97a5e8175742
68539324032f97a5e8175832,68011e392ab2615d4649dc94,68538af5032f97a5e817564d
68539324032f97a5e8175833,68011e392ab2615d4649dc94,68538ee3032f97a5e8175740
68539324032f97a5e8175834,68011e392ab2615d4649dc94,68538a0f032f97a5e8175636
68539324032f97a5e8175835,68011e392ab2615d4649dc94,68538e2a032f97a5e8175715
68539324032f97a5e8175836,68011e392ab2615d4649dc94,68538bd0032f97a5e8175681
68539324032f97a5e8175837,68011e392ab2615d4649dc94,68538ee3032f97a5e8175740
68539324032f97a5e8175838,68011e392ab2615d4649dc94,68538ee3032f97a5e8175741
68539324032f97a5e8175839,68011e392ab2615d4649dc94,68538bd0032f97a5e8175684
68539324032f97a5e817583a,68011e392ab2615d4649dc94,68538e2a032f97a5e8175715
68539324032f97a5e817583b,68011e392ab2615d4649dc94,68538af5032f97a5e817564d
68539324032f97a5e817583c,68011e392ab2615d4649dc94,68538dd0032f97a5e81756f2
68539324032f97a5e817583d,68011e392ab2615d4649dc94,68538a0f032f97a5e8175636
68539324032f97a5e817583e,68011e392ab2615d4649dc94,68538dd0032f97a5e81756f1
68539324032f97a5e817583f,68011e392ab2615d4649dc94,68538bd0032f97a5e8175683
68539324032f97a5e8175840,68011e392ab2615d4649dc94,68538d70032f97a5e81756ce
68539324032f97a5e8175841,68011e392ab2615d4649dc94,68538af5032f97a5e817564d
68539324032f97a5e8175842,68011e392ab2615d4649dc94,68538dd0032f97a5e81756f3
68539324032f97a5e8175843,68011e392ab2615d4649dc94,68538dd0032f97a5e81756f2
68539324032f97a5e8175844,68011e392ab2615d4649dc94,68538ee3032f97a5e8175742
68539324032f97a5e8175845,68011e392ab2615d4649dc94,68538bd0032f97a5e8175682
68539324032f97a5e8175846,68011e392ab2615d4649dc94,68538d70032f97a5e81756d0
68539324032f97a5e8175847,68011e392ab2615d4649dc94,68538e2a032f97a5e8175715
68539324032f97a5e8175848,68011e392ab2615d4649dc94,68538e2a032f97a5e8175715
68539324032f97a5e8175849,68011e392ab2615d4649dc94,68538e2a032f97a5e8175714
68539324032f97a5e817584a,68011e392ab2615d4649dc94,68538e2a032f97a5e8175715
68539324032f97a5e817584b,68011e392ab2615d4649dc94,68538e2a032f97a5e8175714
68539324032f97a5e817584c,68011e392ab2615d4649dc94,68538dd0032f97a5e81756f2
68539324032f97a5e817584d,68011e392ab2615d4649dc94,68538e2a032f97a5e8175716
68539324032f97a5e817584e,68011e392ab2615d4649dc94,68538bd0032f97a5e8175683
68539324032f97a5e817584f,68011e392ab2615d4649dc94,68538d70032f97a5e81756d0
68539324032f97a5e8175850,685384cd032f97a5e817553c,68538e2a032f97a5e8175710
68539324032f97a5e8175851,685384cd032f97a5e8175544,68538dd0032f97a5e81756e2
68539324032f97a5e8175852,685384cd032f97a5e8175573,68538ee3032f97a5e8175741
68539324032f97a5e8175853,67dfdd0bf5a0350f3c2e5df8,68538bd0032f97a5e8175673
68539324032f97a5e8175854,685384cd032f97a5e8175584,68538dd0032f97a5e81756ea
68539324032f97a5e8175855,6853842e032f97a5e81754ee,68538ee3032f97a5e817574b
68539324032f97a5e8175856,685384cd032f97a5e8175536,68538d70032f97a5e81756d2
68539324032f97a5e8175857,6853842e032f97a5e8175512,68538e2a032f97a5e8175708
68539324032f97a5e8175858,685384cd032f97a5e817557c,68538a0f032f97a5e8175638
68539324032f97a5e8175859,685384cd032f97a5e817557c,68538d70032f97a5e81756d0
68539324032f97a5e817585a,6853842e032f97a5e817550a,68538d70032f97a5e81756c7
68539324032f97a5e817585b,67dfdd0bf5a0350f3c2e5df8,68538a0f032f97a5e8175638
68539324032f97a5e817585c,685384cd032f97a5e817557f,68538ee3032f97a5e817573c
68539324032f97a5e817585d,6853842e032f97a5e81754cf,68538bd0032f97a5e8175679
68539324032f97a5e817585e,6853842e032f97a5e817551e,68538e2a032f97a5e817571b
68539324032f97a5e817585f,6853842e032f97a5e81754c4,68538d70032f97a5e81756d2
68539324032f97a5e8175860,685384cd032f97a5e8175557,68538e2a032f97a5e817571e
68539324032f97a5e8175861,6853842e032f97a5e8175521,68538ee3032f97a5e817573b
68539324032f97a5e8175862,685384cd032f97a5e817554d,68538cfb032f97a5e81756b5
68539324032f97a5e8175863,6853842e032f97a5e81754d5,68538bd0032f97a5e817567f
68539324032f97a5e8175864,67f2b39e8be76b7890c824cd,68538bd0032f97a5e8175677
68539324032f97a5e8175865,6853842e032f97a5e81754e6,68538d70032f97a5e81756c1
68539324032f97a5e8175866,685384cd032f97a5e8175566,68538cfb032f97a5e81756b8
68539324032f97a5e8175867,6853842e032f97a5e81754f0,68538e2a032f97a5e817570a
68539324032f97a5e8175868,685384cd032f97a5e8175556,68538d70032f97a5e81756cb
68539324032f97a5e8175869,67dfdd0bf5a0350f3c2e5df8,68538ee3032f97a5e817574e
68539324032f97a5e817586a,685384cd032f97a5e8175554,68538d70032f97a5e81756d3
68539324032f97a5e817586b,6853842e032f97a5e81754f2,68538bd0032f97a5e8175678
68539324032f97a5e817586c,67e20a0f94883c2093d09d95,68538dd0032f97a5e81756e3
68539324032f97a5e817586d,6853842e032f97a5e81754ca,68538d70032f97a5e81756d9
68539324032f97a5e817586e,6853842e032f97a5e81754d5,68538cfb032f97a5e817569b
68539324032f97a5e817586f,685384cd032f97a5e8175544,68236a077a08e30d992fe54b
68539324032f97a5e8175870,685384cd032f97a5e817553d,682cac8b9edee92f4b2c1359
68539324032f97a5e8175871,6853842e032f97a5e81754e8,68538e2a032f97a5e8175712
68539324032f97a5e8175872,685384cd032f97a5e817557a,68538d70032f97a5e81756c4
68539324032f97a5e8175873,6853842e032f97a5e81754f7,68538e2a032f97a5e8175713
68539324032f97a5e8175874,685384cd032f97a5e8175535,68538cfb032f97a5e81756ac
68539324032f97a5e8175875,685384cd032f97a5e8175574,68538bd0032f97a5e8175672
68539324032f97a5e8175876,685384cd032f97a5e8175579,68538cfb032f97a5e81756b6
68539324032f97a5e8175877,685384cd032f97a5e817555b,68538e2a032f97a5e817570e
68539324032f97a5e8175878,685384cd032f97a5e8175577,68538a0f032f97a5e817563a
68539324032f97a5e8175879,685384cd032f97a5e8175546,68538cfb032f97a5e81756a2
68539324032f97a5e817587a,6853842e032f97a5e81754f5,68538bd0032f97a5e817567f
68539324032f97a5e817587b,6853842e032f97a5e81754c6,68538af5032f97a5e817564b
68539324032f97a5e817587c,685384cd032f97a5e817557f,68538dd0032f97a5e81756e2
68539324032f97a5e817587d,6853842e032f97a5e8175514,68538a0f032f97a5e8175639
68539324032f97a5e817587e,685384cd032f97a5e817557d,68538d70032f97a5e81756ce
68539324032f97a5e817587f,6853842e032f97a5e8175513,68538dd0032f97a5e81756ff
68539324032f97a5e8175880,685384cd032f97a5e817554e,68538cfb032f97a5e81756b7
68539324032f97a5e8175881,6853842e032f97a5e817551d,68538cfb032f97a5e81756a9
68539324032f97a5e8175882,6853842e032f97a5e81754c7,68538ee3032f97a5e8175746
68539324032f97a5e8175883,685384cd032f97a5e8175535,68538cfb032f97a5e81756a0
68539324032f97a5e8175884,6853842e032f97a5e817550a,68538ee3032f97a5e8175733
68539324032f97a5e8175885,6853842e032f97a5e81754d9,68538ee3032f97a5e817573f
68539324032f97a5e8175886,67f2b39e8be76b7890c824cd,68538ee3032f97a5e8175738
68539324032f97a5e8175887,6853842e032f97a5e8175515,68538a0f032f97a5e8175637
68539324032f97a5e8175888,6800d3bbe8bde56abb2a40eb,68538d70032f97a5e81756da
68539324032f97a5e8175889,685384cd032f97a5e8175549,68538d70032f97a5e81756c7
68539324032f97a5e817588a,685384cd032f97a5e8175552,68538ee3032f97a5e8175734
68539324032f97a5e817588b,685384cd032f97a5e817554f,68538dd0032f97a5e81756f9
68539324032f97a5e817588c,6853842e032f97a5e8175521,68425b4a05314b62bd2b1f19
68539324032f97a5e817588d,6853842e032f97a5e81754c8,68538dd0032f97a5e81756ee
68539324032f97a5e817588e,6853842e032f97a5e81754be,68538bd0032f97a5e817567b
68539324032f97a5e817588f,6853842e032f97a5e817550d,68538ee3032f97a5e817574c
68539324032f97a5e8175890,6853842e032f97a5e81754f2,68538d70032f97a5e81756c4
68539324032f97a5e8175891,68011e392ab2615d4649dc94,68538e2a032f97a5e817570b
68539324032f97a5e8175892,6853842e032f97a5e8175516,68538bd0032f97a5e8175673
68539324032f97a5e8175893,685384cd032f97a5e8175562,68538e2a032f97a5e817570a
68539324032f97a5e8175894,6853842e032f97a5e81754e5,68538e2a032f97a5e8175712
68539324032f97a5e8175895,67dfd63e3341263a657c08a2,68538a0f032f97a5e8175639
68539324032f97a5e8175896,685384cd032f97a5e8175546,68538cfb032f97a5e81756af
68539324032f97a5e8175897,6853842e032f97a5e81754d5,68538d70032f97a5e81756cd
68539324032f97a5e8175898,6853842e032f97a5e81754ed,68538af5032f97a5e8175649
68539324032f97a5e8175899,6853842e032f97a5e817551e,68538cfb032f97a5e81756a2
68539324032f97a5e817589a,6853842e032f97a5e81754d1,68538d70032f97a5e81756bf
68539324032f97a5e817589b,685384cd032f97a5e8175558,68538cfb032f97a5e81756b0
68539324032f97a5e817589c,685384cd032f97a5e8175535,68538bd0032f97a5e8175668
68539324032f97a5e817589d,685384cd032f97a5e8175569,68538bd0032f97a5e8175680
68539324032f97a5e817589e,685384cd032f97a5e817555f,68538ee3032f97a5e817573c
68539324032f97a5e817589f,6853842e032f97a5e817551d,68538cfb032f97a5e81756ae
68539324032f97a5e81758a0,6853842e032f97a5e81754fe,68538ee3032f97a5e8175745
68539324032f97a5e81758a1,6853842e032f97a5e81754d8,68538ee3032f97a5e8175735
68539324032f97a5e81758a2,685384cd032f97a5e8175558,68538dd0032f97a5e81756e8
68539324032f97a5e81758a3,6853842e032f97a5e8175513,68538ee3032f97a5e8175746
68539324032f97a5e81758a4,6853842e032f97a5e81754ce,68538cfb032f97a5e81756a2
68539324032f97a5e81758a5,6853842e032f97a5e8175506,68538cfb032f97a5e81756a8
68539324032f97a5e81758a6,685384cd032f97a5e8175550,68538dd0032f97a5e81756ee
68539324032f97a5e81758a7,685384cd032f97a5e817558b,68538cfb032f97a5e817569f
68539324032f97a5e81758a8,6853842e032f97a5e8175519,68538bd0032f97a5e817567d
68539324032f97a5e81758a9,6853842e032f97a5e81754ca,68538dd0032f97a5e81756ed
68539324032f97a5e81758aa,6853842e032f97a5e8175506,68538d70032f97a5e81756d6
68539324032f97a5e81758ab,6853842e032f97a5e8175505,68538e2a032f97a5e817570d
68539324032f97a5e81758ac,685384cd032f97a5e8175538,68538dd0032f97a5e81756ed
68539324032f97a5e81758ad,685384cd032f97a5e8175587,68538bd0032f97a5e817566e
68539324032f97a5e81758ae,685384cd032f97a5e8175592,68538cfb032f97a5e81756a4
68539324032f97a5e81758af,6853842e032f97a5e81754c1,68538e2a032f97a5e8175709
68539324032f97a5e81758b0,685384cd032f97a5e8175559,68236f3f9a525c3c92d77022
68539324032f97a5e81758b1,685384cd032f97a5e8175556,68538e2a032f97a5e8175719
68539324032f97a5e81758b2,6853842e032f97a5e81754f1,68538cfb032f97a5e81756aa
68539324032f97a5e81758b3,6853842e032f97a5e81754ce,68538bd0032f97a5e817567e
68539324032f97a5e81758b4,6853842e032f97a5e817551f,68538bd0032f97a5e817566c
68539324032f97a5e81758b5,685384cd032f97a5e817554e,68538e2a032f97a5e817571a
68539324032f97a5e81758b6,685384cd032f97a5e8175541,68538d70032f97a5e81756db
68539324032f97a5e81758b7,685384cd032f97a5e817558f,68538dd0032f97a5e81756f1
68539324032f97a5e81758b8,685384cd032f97a5e817553e,68230543246bd71de9eb8bff
68539324032f97a5e81758b9,68011e392ab2615d4649dc94,682c92c99edee92f4b2c1357
68539324032f97a5e81758ba,685384cd032f97a5e817553a,68538ee3032f97a5e8175743
68539324032f97a5e81758bb,685384cd032f97a5e817557b,68538dd0032f97a5e81756ed
68539324032f97a5e81758bc,67dfdadc5eca18465894084c,68538ee3032f97a5e8175738
68539324032f97a5e81758bd,6853842e032f97a5e8175518,68538d70032f97a5e81756d0
68539324032f97a5e81758be,685384cd032f97a5e8175552,682cac8b9edee92f4b2c1359
68539324032f97a5e81758bf,67dfdad05eca18465894084b,68538e2a032f97a5e8175706
68539324032f97a5e81758c0,6853842e032f97a5e817550f,68538cfb032f97a5e81756af
68539324032f97a5e81758c1,6853842e032f97a5e8175512,68538a0f032f97a5e8175631
68539324032f97a5e81758c2,685384cd032f97a5e817555e,68538ee3032f97a5e8175732
68539324032f97a5e81758c3,685384cd032f97a5e8175539,68538e2a032f97a5e8175705
68539324032f97a5e81758c4,6853842e032f97a5e81754e8,68538d70032f97a5e81756c3
68539324032f97a5e81758c5,685384cd032f97a5e817557f,68538cfb032f97a5e81756a4
68539324032f97a5e81758c6,6853842e032f97a5e81754da,68538bd0032f97a5e817566e
68539324032f97a5e81758c7,685384cd032f97a5e817555f,68538af5032f97a5e8175651
68539324032f97a5e81758c8,685384cd032f97a5e817558d,68538e2a032f97a5e8175718
68539324032f97a5e81758c9,6853842e032f97a5e81754e8,68538d70032f97a5e81756d1
68539324032f97a5e81758ca,6853842e032f97a5e81754d6,68538d70032f97a5e81756c6
68539324032f97a5e81758cb,685384cd032f97a5e8175561,68538e2a032f97a5e8175706
68539324032f97a5e81758cc,6800d3bbe8bde56abb2a40eb,68538bd0032f97a5e817567e
68539324032f97a5e81758cd,6853842e032f97a5e817551c,68538bd0032f97a5e8175672
68539324032f97a5e81758ce,6853842e032f97a5e81754f6,68538af5032f97a5e817564e
68539324032f97a5e81758cf,6853842e032f97a5e81754f4,68236f3f9a525c3c92d77022
68539324032f97a5e81758d0,6853842e032f97a5e81754e8,68538ee3032f97a5e8175741
68539324032f97a5e81758d1,685384cd032f97a5e8175589,68538e2a032f97a5e817570c
68539324032f97a5e81758d2,6853842e032f97a5e81754c0,68538bd0032f97a5e817567f
68539324032f97a5e81758d3,6853842e032f97a5e81754d6,68538e2a032f97a5e8175722
68539324032f97a5e81758d4,685384cd032f97a5e817553c,68538af5032f97a5e817564f
68539324032f97a5e81758d5,6853842e032f97a5e817550f,68538ee3032f97a5e8175741
68539324032f97a5e81758d6,685384cd032f97a5e817557d,68538d70032f97a5e81756d1
68539324032f97a5e81758d7,685384cd032f97a5e8175546,68538e2a032f97a5e8175715
68539324032f97a5e81758d8,6853842e032f97a5e81754ce,68538dd0032f97a5e81756ef
68539324032f97a5e81758d9,685384cd032f97a5e8175554,68538ee3032f97a5e8175736
68539324032f97a5e81758da,6853842e032f97a5e81754df,68538ee3032f97a5e8175742
68539324032f97a5e81758db,685384cd032f97a5e8175573,68538bd0032f97a5e8175668
68539324032f97a5e81758dc,68538097032f97a5e817547e,68538d70032f97a5e81756d9
68539324032f97a5e81758dd,685384cd032f97a5e8175555,68538dd0032f97a5e81756e7
68539324032f97a5e81758de,685384cd032f97a5e817557d,68538e2a032f97a5e817570d
68539324032f97a5e81758df,685384cd032f97a5e8175591,68538af5032f97a5e817564f
68539324032f97a5e81758e0,6853842e032f97a5e8175515,68538d70032f97a5e81756d4
68539324032f97a5e81758e1,685384cd032f97a5e8175556,68538bd0032f97a5e8175669
68539324032f97a5e81758e2,6853842e032f97a5e81754f8,68538a0f032f97a5e8175633
68539324032f97a5e81758e3,68538097032f97a5e817547e,68538e2a032f97a5e8175710
68539324032f97a5e81758e4,6853842e032f97a5e81754e0,682cac8b9edee92f4b2c1359
68539324032f97a5e81758e5,6853842e032f97a5e81754dd,68538ee3032f97a5e8175733
68539324032f97a5e81758e6,685384cd032f97a5e817556d,68538bd0032f97a5e817566f
68539324032f97a5e81758e7,6853842e032f97a5e81754ef,68538ee3032f97a5e8175749
68539324032f97a5e81758e8,685384cd032f97a5e817557b,68538ee3032f97a5e817574d
68539324032f97a5e81758e9,685384cd032f97a5e8175533,68538cfb032f97a5e81756b4
68539324032f97a5e81758ea,685384cd032f97a5e817558d,68538cfb032f97a5e81756ad
68539324032f97a5e81758eb,685384cd032f97a5e817554e,68538cfb032f97a5e817569e
68539324032f97a5e81758ec,6853842e032f97a5e8175519,68538cfb032f97a5e81756b2
68539324032f97a5e81758ed,6853842e032f97a5e81754fa,68230553246bd71de9eb8c00
68539324032f97a5e81758ee,6853842e032f97a5e81754d9,68538ee3032f97a5e8175733
68539324032f97a5e81758ef,6853842e032f97a5e8175508,68230543246bd71de9eb8bff
68539324032f97a5e81758f0,67e20a0f94883c2093d09d95,68236a347a08e30d992fe54c
68539324032f97a5e81758f1,685384cd032f97a5e8175536,68538d70032f97a5e81756c3
68539324032f97a5e81758f2,685384cd032f97a5e8175543,68538a0f032f97a5e8175633
68539324032f97a5e81758f3,6853842e032f97a5e8175501,68538e2a032f97a5e8175720
68539324032f97a5e81758f4,6853842e032f97a5e817551d,68538dd0032f97a5e81756f2
68539324032f97a5e81758f5,6853842e032f97a5e817551d,68538e2a032f97a5e8175718
68539324032f97a5e81758f6,685384cd032f97a5e817557e,68538d70032f97a5e81756d8
68539324032f97a5e81758f7,6853842e032f97a5e81754e7,68538e2a032f97a5e817570c
68539324032f97a5e81758f8,685384cd032f97a5e8175537,68538dd0032f97a5e81756ec
68539324032f97a5e81758f9,6853842e032f97a5e81754f8,68538cfb032f97a5e81756b0
68539324032f97a5e81758fa,685384cd032f97a5e817558d,68538dd0032f97a5e81756f0
68539324032f97a5e81758fb,6853842e032f97a5e817551f,68538dd0032f97a5e81756eb
68539324032f97a5e81758fc,685384cd032f97a5e817557b,68230543246bd71de9eb8bff
68539324032f97a5e81758fd,685384cd032f97a5e8175543,68538e2a032f97a5e8175707
68539324032f97a5e81758fe,6853842e032f97a5e8175505,68538cfb032f97a5e81756aa
68539324032f97a5e81758ff,685384cd032f97a5e817557a,68236f3f9a525c3c92d77022
68539324032f97a5e8175900,685384cd032f97a5e8175566,68538bd0032f97a5e817566b
68539324032f97a5e8175901,6853842e032f97a5e8175502,68538ee3032f97a5e817573d
68539324032f97a5e8175902,6853842e032f97a5e817551a,68538dd0032f97a5e81756e4
68539324032f97a5e8175903,685384cd032f97a5e817556a,68538cfb032f97a5e81756b4
68539324032f97a5e8175904,6853842e032f97a5e817551d,68538bd0032f97a5e8175683
68539324032f97a5e8175905,685384cd032f97a5e8175583,68538dd0032f97a5e81756fd
68539324032f97a5e8175906,685384cd032f97a5e8175581,68538bd0032f97a5e8175672
68539324032f97a5e8175907,6853842e032f97a5e81754f5,68538ee3032f97a5e817574a
68539324032f97a5e8175908,685384cd032f97a5e817556a,68538e2a032f97a5e8175711
68539324032f97a5e8175909,6853842e032f97a5e8175504,68538dd0032f97a5e81756fc
68539324032f97a5e817590a,685384cd032f97a5e8175555,68236a7e7a08e30d992fe54d
68539324032f97a5e817590b,67dfdc025bc32b55e21331c7,68538af5032f97a5e817564b
68539324032f97a5e817590c,6853842e032f97a5e81754e9,68538cfb032f97a5e81756b3
68539324032f97a5e817590d,6853842e032f97a5e81754d8,68538e2a032f97a5e8175713
68539324032f97a5e817590e,685384cd032f97a5e817554b,68538d70032f97a5e81756db
68539324032f97a5e817590f,685384cd032f97a5e817554b,68538cfb032f97a5e81756b7
68539324032f97a5e8175910,6853842e032f97a5e81754ce,68236a347a08e30d992fe54c
68539324032f97a5e8175911,685384cd032f97a5e8175532,68471220f3e4534bf197be5f
68539324032f97a5e8175912,6853842e032f97a5e81754e8,68538ee3032f97a5e8175731
68539324032f97a5e8175913,685384cd032f97a5e8175535,68538af5032f97a5e817564d
68539324032f97a5e8175914,6853842e032f97a5e81754f3,68538ee3032f97a5e8175748
68539324032f97a5e8175915,685384cd032f97a5e8175536,68538cfb032f97a5e81756a9
68539324032f97a5e8175916,685384cd032f97a5e817553e,68538dd0032f97a5e81756ee
68539324032f97a5e8175917,685384cd032f97a5e8175537,68538d70032f97a5e81756ce
68539324032f97a5e8175918,685384cd032f97a5e817558f,68538cfb032f97a5e81756b8
68539324032f97a5e8175919,6853842e032f97a5e81754c4,68538cfb032f97a5e817569b
68539324032f97a5e817591a,6853842e032f97a5e81754e5,68538cfb032f97a5e81756b6
68539324032f97a5e817591b,6853842e032f97a5e817551f,68538cfb032f97a5e81756ac
68539324032f97a5e817591c,6853842e032f97a5e81754cd,68538ee3032f97a5e817573d
68539324032f97a5e817591d,6853842e032f97a5e81754ef,68236a347a08e30d992fe54c
68539324032f97a5e817591e,6853842e032f97a5e81754dd,68538ee3032f97a5e8175748
68539324032f97a5e817591f,685384cd032f97a5e817552f,68538e2a032f97a5e8175720
68539324032f97a5e8175920,685384cd032f97a5e8175572,68538cfb032f97a5e81756b4
68539324032f97a5e8175921,685384cd032f97a5e8175558,68236a027a08e30d992fe54a
68539324032f97a5e8175922,685384cd032f97a5e8175574,68538dd0032f97a5e81756e6
68539324032f97a5e8175923,685384cd032f97a5e8175538,68538cfb032f97a5e817569f
68539324032f97a5e8175924,685384cd032f97a5e8175534,68538dd0032f97a5e81756e6
68539324032f97a5e8175925,685384cd032f97a5e8175564,68538bd0032f97a5e817567b
68539324032f97a5e8175926,6853842e032f97a5e81754ce,68538e2a032f97a5e8175714
68539324032f97a5e8175927,685384cd032f97a5e8175572,68538dd0032f97a5e81756f0
68539324032f97a5e8175928,685384cd032f97a5e817554c,68538cfb032f97a5e817569b
68539324032f97a5e8175929,685384cd032f97a5e8175556,68538ee3032f97a5e8175749
68539324032f97a5e817592a,67dfdc025bc32b55e21331c7,68538ee3032f97a5e8175747
68539324032f97a5e817592b,6853842e032f97a5e81754be,682cac8b9edee92f4b2c1359
68539324032f97a5e817592c,685384cd032f97a5e8175551,68538dd0032f97a5e81756e5
68539324032f97a5e817592d,6853842e032f97a5e8175508,68538dd0032f97a5e81756e5
68539324032f97a5e817592e,6853842e032f97a5e81754ea,68538bd0032f97a5e8175670
68539324032f97a5e817592f,6853842e032f97a5e81754fa,68538dd0032f97a5e81756ec
68539324032f97a5e8175930,67dfdad05eca18465894084b,68538e2a032f97a5e817571d
68539324032f97a5e8175931,6853842e032f97a5e817551c,68538e2a032f97a5e8175717
68539324032f97a5e8175932,685384cd032f97a5e817555b,68538e2a032f97a5e8175707
68539324032f97a5e8175933,685384cd032f97a5e8175544,68538af5032f97a5e817564e
68539324032f97a5e8175934,6853842e032f97a5e81754dd,68538e2a032f97a5e8175717
68539324032f97a5e8175935,685384cd032f97a5e8175590,68538bd0032f97a5e8175676
68539324032f97a5e8175936,6853842e032f97a5e8175500,68538bd0032f97a5e817567b
68539324032f97a5e8175937,6853842e032f97a5e8175515,68538bd0032f97a5e817567a
68539324032f97a5e8175938,685384cd032f97a5e817554a,68538ee3032f97a5e8175736
68539324032f97a5e8175939,6853842e032f97a5e817551e,68538a0f032f97a5e8175632
68539324032f97a5e817593a,67dfd63e3341263a657c08a2,68538af5032f97a5e8175649
68539324032f97a5e817593b,685384cd032f97a5e8175571,68538a0f032f97a5e8175635
68539324032f97a5e817593c,6853842e032f97a5e817551d,68538cfb032f97a5e817569b
68539324032f97a5e817593d,685384cd032f97a5e8175546,68538dd0032f97a5e81756fe
68539324032f97a5e817593e,685384cd032f97a5e8175562,68538ee3032f97a5e817574d
68539324032f97a5e817593f,6853842e032f97a5e817550e,68538bd0032f97a5e817567b
68539324032f97a5e8175940,685384cd032f97a5e817557c,6823734d0779284c0baa1363
68539324032f97a5e8175941,685384cd032f97a5e8175555,68538a0f032f97a5e8175638
68539324032f97a5e8175942,6853842e032f97a5e81754f1,68538ee3032f97a5e817573c
68539324032f97a5e8175943,6853842e032f97a5e81754d1,68236a027a08e30d992fe54a
68539324032f97a5e8175944,685384cd032f97a5e8175576,68538d70032f97a5e81756d7
68539324032f97a5e8175945,6853842e032f97a5e81754f2,68538d70032f97a5e81756da
68539324032f97a5e8175946,685384cd032f97a5e817553e,68538dd0032f97a5e81756e6
68539324032f97a5e8175947,6853842e032f97a5e817550d,68305b70220cab1f6bd3cc19
68539324032f97a5e8175948,685384cd032f97a5e817553b,68538dd0032f97a5e81756fb
68539324032f97a5e8175949,68011e392ab2615d4649dc94,68538ee3032f97a5e8175745
68539324032f97a5e817594a,6853842e032f97a5e81754f3,68538dd0032f97a5e81756ee
68539324032f97a5e817594b,685384cd032f97a5e817556f,68538af5032f97a5e817564e
68539324032f97a5e817594c,685384cd032f97a5e8175560,68538cfb032f97a5e81756a3
68539324032f97a5e817594d,685384cd032f97a5e8175592,68538cfb032f97a5e81756aa
68539324032f97a5e817594e,685384cd032f97a5e817553e,68538bd0032f97a5e8175676
68539324032f97a5e817594f,6853842e032f97a5e81754f3,68538d70032f97a5e81756d0
68539324032f97a5e8175950,6853842e032f97a5e81754d7,68538bd0032f97a5e8175684
68539324032f97a5e8175951,685384cd032f97a5e8175530,68538bd0032f97a5e8175683
68539324032f97a5e8175952,6853842e032f97a5e81754f8,68538af5032f97a5e817564d
68539324032f97a5e8175953,685384cd032f97a5e8175574,68538dd0032f97a5e81756fc
68539324032f97a5e8175954,685384cd032f97a5e8175565,68425b4a05314b62bd2b1f19
68539324032f97a5e8175955,6853842e032f97a5e81754d8,68538e2a032f97a5e817570e
68539324032f97a5e8175956,685384cd032f97a5e8175551,684717b3f3e4534bf197be63
68539324032f97a5e8175957,685384cd032f97a5e817557b,68538e2a032f97a5e817570d
68539324032f97a5e8175958,6853842e032f97a5e8175517,68538ee3032f97a5e8175748
68539324032f97a5e8175959,685384cd032f97a5e8175560,68538e2a032f97a5e817570c
68539324032f97a5e817595a,68538097032f97a5e817547e,68538e2a032f97a5e8175714
68539324032f97a5e817595b,6853842e032f97a5e8175510,68538e2a032f97a5e8175710
68539324032f97a5e817595c,685384cd032f97a5e8175565,68538d70032f97a5e81756c0
68539324032f97a5e817595d,685384cd032f97a5e8175588,68538a0f032f97a5e817563a
68539324032f97a5e817595e,685384cd032f97a5e8175585,68538cfb032f97a5e81756b3
68539324032f97a5e817595f,685384cd032f97a5e8175570,68538d70032f97a5e81756d7
68539324032f97a5e8175960,685384cd032f97a5e8175551,68538d70032f97a5e81756d6
68539324032f97a5e8175961,685384cd032f97a5e8175553,68538ee3032f97a5e8175741
68539324032f97a5e8175962,6853842e032f97a5e81754cb,68538dd0032f97a5e81756e4
68539324032f97a5e8175963,685384cd032f97a5e8175547,68236a027a08e30d992fe54a
68539324032f97a5e8175964,6853842e032f97a5e81754d5,68538e2a032f97a5e817571a
68539324032f97a5e8175965,6853842e032f97a5e81754c4,68538cfb032f97a5e81756ac
68539324032f97a5e8175966,6853842e032f97a5e81754c4,68538e2a032f97a5e8175715
68539324032f97a5e8175967,6853842e032f97a5e81754ef,68538ee3032f97a5e8175748
68539324032f97a5e8175968,6853842e032f97a5e81754df,68305b70220cab1f6bd3cc19
68539324032f97a5e8175969,685384cd032f97a5e8175569,68538d70032f97a5e81756d9
68539324032f97a5e817596a,6853842e032f97a5e81754c2,68538d70032f97a5e81756c8
68539324032f97a5e817596b,6853842e032f97a5e81754e7,68236f3f9a525c3c92d77022
68539324032f97a5e817596c,6853842e032f97a5e8175515,68538ee3032f97a5e817573b
68539324032f97a5e817596d,685384cd032f97a5e817556a,68538cfb032f97a5e81756a8
68539324032f97a5e817596e,6853842e032f97a5e81754fe,68538d70032f97a5e81756c1
68539324032f97a5e817596f,6853842e032f97a5e8175503,68538ee3032f97a5e817574e
68539324032f97a5e8175970,67f2b39e8be76b7890c824cd,68538cfb032f97a5e81756a9
68539324032f97a5e8175971,6853842e032f97a5e8175518,68538cfb032f97a5e81756a1
68539324032f97a5e8175972,6853842e032f97a5e81754e7,68538ee3032f97a5e8175737
68539324032f97a5e8175973,685384cd032f97a5e8175557,68538ee3032f97a5e817573f
68539324032f97a5e8175974,685384cd032f97a5e8175564,68538cfb032f97a5e81756b7
68539324032f97a5e8175975,6853842e032f97a5e817550a,68538cfb032f97a5e81756b2
68539324032f97a5e8175976,6853842e032f97a5e8175515,68538d70032f97a5e81756db
68539324032f97a5e8175977,6853842e032f97a5e817551f,68538bd0032f97a5e8175668
68539324032f97a5e8175978,68011e392ab2615d4649dc94,68538d70032f97a5e81756c8
68539324032f97a5e8175979,685384cd032f97a5e817556e,68538e2a032f97a5e8175712
68539324032f97a5e817597a,6853842e032f97a5e81754fd,68538cfb032f97a5e81756a0
68539324032f97a5e817597b,685384cd032f97a5e8175554,68538af5032f97a5e817564b
